{
  "appInfo" : {
    "build" : "223.8214.52",
    "buildDate" : "2022-12-20T11:24:20.676Z[UTC]",
    "productCode" : "IC",
    "generated" : "2023-03-23T08:22:42.4819743Z",
    "os" : "Windows 10 10.0",
    "runtime" : "JetBrains s.r.o. 17.0.5 17.0.5+1-b653.23"
  },
  "runtimeInfo" : {
    "maxMemory" : 1059061760,
    "numberOfProcessors" : 4,
    "maxNumberOfIndexingThreads" : 3,
    "maxSizeOfFileForIntelliSense" : 2560000,
    "maxSizeOfFileForContentLoading" : 20971520
  },
  "projectIndexingHistory" : {
    "projectName" : "toets 23.03.2023",
    "times" : {
      "indexingReason" : "On project open",
      "scanningType" : "FULL_ON_PROJECT_OPEN",
      "totalUpdatingTime" : 3183249000,
      "indexingTime" : 209440200,
      "contentLoadingVisibleTime" : 1423345,
      "creatingIteratorsTime" : 998200,
      "scanFilesTime" : 2923180900,
      "pushPropertiesTime" : 6982100,
      "indexExtensionsTime" : 0,
      "isAppliedAllValuesSeparately" : true,
      "separateApplyingIndexesVisibleTime" : 19233770,
      "updatingStart" : "2023-03-23T08:22:39.2974839Z",
      "updatingEnd" : "2023-03-23T08:22:42.4809696Z",
      "totalSuspendedTime" : 0,
      "wasInterrupted" : false
    },
    "fileCount" : {
      "numberOfFileProviders" : 6,
      "numberOfScannedFiles" : 41917,
      "numberOfFilesIndexedByInfrastructureExtensionsDuringScan" : 0,
      "numberOfFilesScheduledForIndexingAfterScan" : 1,
      "numberOfFilesIndexedByInfrastructureExtensionsDuringIndexingStage" : 0,
      "numberOfFilesIndexedWithLoadingContent" : 1
    },
    "totalStatsPerFileType" : [ {
      "fileType" : "JAVA",
      "partOfTotalProcessingTime" : {
        "part" : 158690900,
        "total" : 158690900
      },
      "partOfTotalContentLoadingTime" : {
        "part" : 1174100,
        "total" : 1174100
      },
      "totalNumberOfFiles" : 1,
      "totalFilesSize" : 116,
      "totalProcessingSpeed" : {
        "totalBytes" : 116,
        "totalTime" : 158690900
      },
      "biggestContributors" : [ {
        "providerName" : "Module 'toets 23.03.2023' (toets 23.03.2023)",
        "numberOfFiles" : 1,
        "totalFilesSize" : 116,
        "partOfTotalProcessingTimeOfThisFileType" : {
          "part" : 158690900,
          "total" : 158690900
        }
      } ]
    } ],
    "totalStatsPerIndexer" : [ {
      "indexId" : "java.null.method.argument",
      "partOfTotalIndexingTime" : {
        "part" : 25882100,
        "total" : 66145100
      },
      "totalNumberOfFiles" : 1,
      "totalNumberOfFilesIndexedByExtensions" : 0,
      "totalFilesSize" : 116,
      "indexValueChangerEvaluationSpeed" : {
        "totalBytes" : 116,
        "totalTime" : 25882100
      },
      "snapshotInputMappingStats" : {
        "totalRequests" : 0,
        "totalMisses" : 0,
        "totalHits" : 0
      }
    }, {
      "indexId" : "Trigram.Index",
      "partOfTotalIndexingTime" : {
        "part" : 15195500,
        "total" : 66145100
      },
      "totalNumberOfFiles" : 1,
      "totalNumberOfFilesIndexedByExtensions" : 0,
      "totalFilesSize" : 116,
      "indexValueChangerEvaluationSpeed" : {
        "totalBytes" : 116,
        "totalTime" : 15195500
      },
      "snapshotInputMappingStats" : {
        "totalRequests" : 0,
        "totalMisses" : 0,
        "totalHits" : 0
      }
    }, {
      "indexId" : "IdIndex",
      "partOfTotalIndexingTime" : {
        "part" : 10833000,
        "total" : 66145100
      },
      "totalNumberOfFiles" : 1,
      "totalNumberOfFilesIndexedByExtensions" : 0,
      "totalFilesSize" : 116,
      "indexValueChangerEvaluationSpeed" : {
        "totalBytes" : 116,
        "totalTime" : 10833000
      },
      "snapshotInputMappingStats" : {
        "totalRequests" : 0,
        "totalMisses" : 0,
        "totalHits" : 0
      }
    }, {
      "indexId" : "Stubs",
      "partOfTotalIndexingTime" : {
        "part" : 6924800,
        "total" : 66145100
      },
      "totalNumberOfFiles" : 1,
      "totalNumberOfFilesIndexedByExtensions" : 0,
      "totalFilesSize" : 116,
      "indexValueChangerEvaluationSpeed" : {
        "totalBytes" : 116,
        "totalTime" : 6924800
      },
      "snapshotInputMappingStats" : {
        "totalRequests" : 0,
        "totalMisses" : 0,
        "totalHits" : 0
      }
    }, {
      "indexId" : "java.fun.expression",
      "partOfTotalIndexingTime" : {
        "part" : 3685300,
        "total" : 66145100
      },
      "totalNumberOfFiles" : 1,
      "totalNumberOfFilesIndexedByExtensions" : 0,
      "totalFilesSize" : 116,
      "indexValueChangerEvaluationSpeed" : {
        "totalBytes" : 116,
        "totalTime" : 3685300
      },
      "snapshotInputMappingStats" : {
        "totalRequests" : 0,
        "totalMisses" : 0,
        "totalHits" : 0
      }
    }, {
      "indexId" : "java.binary.plus.expression",
      "partOfTotalIndexingTime" : {
        "part" : 3624400,
        "total" : 66145100
      },
      "totalNumberOfFiles" : 1,
      "totalNumberOfFilesIndexedByExtensions" : 0,
      "totalFilesSize" : 116,
      "indexValueChangerEvaluationSpeed" : {
        "totalBytes" : 116,
        "totalTime" : 3624400
      },
      "snapshotInputMappingStats" : {
        "totalRequests" : 0,
        "totalMisses" : 0,
        "totalHits" : 0
      }
    } ],
    "scanningStatistics" : [ {
      "providerName" : "JDK openjdk-18 C:/Users/CasperNauwelaerts/.jdks/openjdk-18.0.2.1/lib/src.zip!/java.se, C:/Users/CasperNauwelaerts/.jdks/openjdk-18.0.2.1/lib/src.zip!/jdk.jdi, C:/Users/CasperNauwelaerts/.jdks/openjdk-18.0.2.1/lib/src.zip!/jdk.jfr, C:/Users/CasperNauwelaerts/.jdks/openjdk-18.0.2.1/lib/src.zip!/jdk.net, C:/Users/CasperNauwelaerts/.jdks/openjdk-18.0.2.1/lib/src.zip!/java.rmi, C:/Users/CasperNauwelaerts/.jdks/openjdk-18.0.2.1/lib/src.zip!/java.sql, C:/Users/CasperNauwelaerts/.jdks/openjdk-18.0.2.1/lib/src.zip!/java.xml, C:/Users/CasperNauwelaerts/.jdks/openjdk-18.0.2.1/lib/src.zip!/jdk.jcmd, C:/Users/CasperNauwelaerts/.jdks/openjdk-18.0.2.1/lib/src.zip!/jdk.sctp, C:/Users/CasperNauwelaerts/.jdks/openjdk-18.0.2.1/lib/src.zip!/java.base, C:/Users/CasperNauwelaerts/.jdks/openjdk-18.0.2.1/lib/src.zip!/jdk.jdeps, C:/Users/CasperNauwelaerts/.jdks/openjdk-18.0.2.1/lib/src.zip!/jdk.jlink, C:/Users/CasperNauwelaerts/.jdks/openjdk-18.0.2.1/lib/src.zip!/jdk.zipfs, C:/Users/CasperNauwelaerts/.jdks/openjdk-18.0.2.1/lib/src.zip!/java.prefs, C:/Users/CasperNauwelaerts/.jdks/openjdk-18.0.2.1/lib/src.zip!/jdk.attach, C:/Users/CasperNauwelaerts/.jdks/openjdk-18.0.2.1/lib/src.zip!/jdk.jshell, C:/Users/CasperNauwelaerts/.jdks/openjdk-18.0.2.1/lib/src.zip!/jdk.jstatd, C:/Users/CasperNauwelaerts/.jdks/openjdk-18.0.2.1/lib/src.zip!/jdk.random, C:/Users/CasperNauwelaerts/.jdks/openjdk-18.0.2.1/lib/src.zip!/java.naming, C:/Users/CasperNauwelaerts/.jdks/openjdk-18.0.2.1/lib/src.zip!/jdk.editpad, C:/Users/CasperNauwelaerts/.jdks/openjdk-18.0.2.1/lib/src.zip!/jdk.jartool, C:/Users/CasperNauwelaerts/.jdks/openjdk-18.0.2.1/lib/src.zip!/jdk.javadoc, C:/Users/CasperNauwelaerts/.jdks/openjdk-18.0.2.1/lib/src.zip!/jdk.xml.dom, C:/Users/CasperNauwelaerts/.jdks/openjdk-18.0.2.1/lib/src.zip!/java.desktop, C:/Users/CasperNauwelaerts/.jdks/openjdk-18.0.2.1/lib/src.zip!/java.logging, C:/Users/CasperNauwelaerts/.jdks/openjdk-18.0.2.1/lib/src.zip!/jdk.charsets, C:/Users/CasperNauwelaerts/.jdks/openjdk-18.0.2.1/lib/src.zip!/jdk.compiler, C:/Users/CasperNauwelaerts/.jdks/openjdk-18.0.2.1/lib/src.zip!/jdk.dynalink, C:/Users/CasperNauwelaerts/.jdks/openjdk-18.0.2.1/lib/src.zip!/jdk.jconsole, C:/Users/CasperNauwelaerts/.jdks/openjdk-18.0.2.1/lib/src.zip!/jdk.jpackage, C:/Users/CasperNauwelaerts/.jdks/openjdk-18.0.2.1/lib/src.zip!/jdk.jsobject, C:/Users/CasperNauwelaerts/.jdks/openjdk-18.0.2.1/lib/src.zip!/java.compiler, C:/Users/CasperNauwelaerts/.jdks/openjdk-18.0.2.1/lib/src.zip!/java.net.http, C:/Users/CasperNauwelaerts/.jdks/openjdk-18.0.2.1/lib/src.zip!/jdk.crypto.ec, C:/Users/CasperNauwelaerts/.jdks/openjdk-18.0.2.1/lib/src.zip!/java.scripting, C:/Users/CasperNauwelaerts/.jdks/openjdk-18.0.2.1/lib/src.zip!/jdk.httpserver, C:/Users/CasperNauwelaerts/.jdks/openjdk-18.0.2.1/lib/src.zip!/jdk.jdwp.agent, C:/Users/CasperNauwelaerts/.jdks/openjdk-18.0.2.1/lib/src.zip!/jdk.localedata, C:/Users/CasperNauwelaerts/.jdks/openjdk-18.0.2.1/lib/src.zip!/jdk.management, C:/Users/CasperNauwelaerts/.jdks/openjdk-18.0.2.1/lib/src.zip!/jdk.naming.dns, C:/Users/CasperNauwelaerts/.jdks/openjdk-18.0.2.1/lib/src.zip!/jdk.naming.rmi, C:/Users/CasperNauwelaerts/.jdks/openjdk-18.0.2.1/lib/src.zip!/java.instrument, C:/Users/CasperNauwelaerts/.jdks/openjdk-18.0.2.1/lib/src.zip!/java.management, C:/Users/CasperNauwelaerts/.jdks/openjdk-18.0.2.1/lib/src.zip!/java.sql.rowset, C:/Users/CasperNauwelaerts/.jdks/openjdk-18.0.2.1/lib/src.zip!/java.xml.crypto, C:/Users/CasperNauwelaerts/.jdks/openjdk-18.0.2.1/lib/src.zip!/jdk.internal.ed, C:/Users/CasperNauwelaerts/.jdks/openjdk-18.0.2.1/lib/src.zip!/jdk.internal.le, C:/Users/CasperNauwelaerts/.jdks/openjdk-18.0.2.1/lib/src.zip!/jdk.nio.mapmode, C:/Users/CasperNauwelaerts/.jdks/openjdk-18.0.2.1/lib/src.zip!/jdk.unsupported, C:/Users/CasperNauwelaerts/.jdks/openjdk-18.0.2.1/lib/src.zip!/java.smartcardio, C:/Users/CasperNauwelaerts/.jdks/openjdk-18.0.2.1/lib/src.zip!/jdk.internal.opt, C:/Users/CasperNauwelaerts/.jdks/openjdk-18.0.2.1/lib/src.zip!/java.datatransfer, C:/Users/CasperNauwelaerts/.jdks/openjdk-18.0.2.1/lib/src.zip!/jdk.accessibility, C:/Users/CasperNauwelaerts/.jdks/openjdk-18.0.2.1/lib/src.zip!/jdk.crypto.mscapi, C:/Users/CasperNauwelaerts/.jdks/openjdk-18.0.2.1/lib/src.zip!/jdk.hotspot.agent, C:/Users/CasperNauwelaerts/.jdks/openjdk-18.0.2.1/lib/src.zip!/jdk.security.auth, C:/Users/CasperNauwelaerts/.jdks/openjdk-18.0.2.1/lib/src.zip!/jdk.security.jgss, C:/Users/CasperNauwelaerts/.jdks/openjdk-18.0.2.1/lib/src.zip!/java.security.jgss, C:/Users/CasperNauwelaerts/.jdks/openjdk-18.0.2.1/lib/src.zip!/java.security.sasl, C:/Users/CasperNauwelaerts/.jdks/openjdk-18.0.2.1/lib/src.zip!/jdk.internal.vm.ci, C:/Users/CasperNauwelaerts/.jdks/openjdk-18.0.2.1/lib/src.zip!/jdk.management.jfr, C:/Users/CasperNauwelaerts/.jdks/openjdk-18.0.2.1/lib/src.zip!/java.management.rmi, C:/Users/CasperNauwelaerts/.jdks/openjdk-18.0.2.1/lib/src.zip!/java.transaction.xa, C:/Users/CasperNauwelaerts/.jdks/openjdk-18.0.2.1/lib/src.zip!/jdk.crypto.cryptoki, C:/Users/CasperNauwelaerts/.jdks/openjdk-18.0.2.1/lib/src.zip!/jdk.incubator.vector, C:/Users/CasperNauwelaerts/.jdks/openjdk-18.0.2.1/lib/src.zip!/jdk.internal.jvmstat, C:/Users/CasperNauwelaerts/.jdks/openjdk-18.0.2.1/lib/src.zip!/jdk.management.agent, C:/Users/CasperNauwelaerts/.jdks/openjdk-18.0.2.1/lib/src.zip!/jdk.incubator.foreign, C:/Users/CasperNauwelaerts/.jdks/openjdk-18.0.2.1/lib/src.zip!/jdk.unsupported.desktop, C:/Users/CasperNauwelaerts/.jdks/openjdk-18.0.2.1/lib/src.zip!/jdk.internal.vm.compiler, C:/Users/CasperNauwelaerts/.jdks/openjdk-18.0.2.1/lib/src.zip!/jdk.internal.vm.compiler.management, C:/Users/CasperNauwelaerts/.jdks/openjdk-18.0.2.1!/java.base, C:/Users/CasperNauwelaerts/.jdks/openjdk-18.0.2.1!/java.compiler, C:/Users/CasperNauwelaerts/.jdks/openjdk-18.0.2.1!/java.datatransfer, C:/Users/CasperNauwelaerts/.jdks/openjdk-18.0.2.1!/java.desktop, C:/Users/CasperNauwelaerts/.jdks/openjdk-18.0.2.1!/java.instrument, C:/Users/CasperNauwelaerts/.jdks/openjdk-18.0.2.1!/java.logging, C:/Users/CasperNauwelaerts/.jdks/openjdk-18.0.2.1!/java.management, C:/Users/CasperNauwelaerts/.jdks/openjdk-18.0.2.1!/java.management.rmi, C:/Users/CasperNauwelaerts/.jdks/openjdk-18.0.2.1!/java.naming, C:/Users/CasperNauwelaerts/.jdks/openjdk-18.0.2.1!/java.net.http, C:/Users/CasperNauwelaerts/.jdks/openjdk-18.0.2.1!/java.prefs, C:/Users/CasperNauwelaerts/.jdks/openjdk-18.0.2.1!/java.rmi, C:/Users/CasperNauwelaerts/.jdks/openjdk-18.0.2.1!/java.scripting, C:/Users/CasperNauwelaerts/.jdks/openjdk-18.0.2.1!/java.se, C:/Users/CasperNauwelaerts/.jdks/openjdk-18.0.2.1!/java.security.jgss, C:/Users/CasperNauwelaerts/.jdks/openjdk-18.0.2.1!/java.security.sasl, C:/Users/CasperNauwelaerts/.jdks/openjdk-18.0.2.1!/java.smartcardio, C:/Users/CasperNauwelaerts/.jdks/openjdk-18.0.2.1!/java.sql, C:/Users/CasperNauwelaerts/.jdks/openjdk-18.0.2.1!/java.sql.rowset, C:/Users/CasperNauwelaerts/.jdks/openjdk-18.0.2.1!/java.transaction.xa, C:/Users/CasperNauwelaerts/.jdks/openjdk-18.0.2.1!/java.xml, C:/Users/CasperNauwelaerts/.jdks/openjdk-18.0.2.1!/java.xml.crypto, C:/Users/CasperNauwelaerts/.jdks/openjdk-18.0.2.1!/jdk.accessibility, C:/Users/CasperNauwelaerts/.jdks/openjdk-18.0.2.1!/jdk.attach, C:/Users/CasperNauwelaerts/.jdks/openjdk-18.0.2.1!/jdk.charsets, C:/Users/CasperNauwelaerts/.jdks/openjdk-18.0.2.1!/jdk.compiler, C:/Users/CasperNauwelaerts/.jdks/openjdk-18.0.2.1!/jdk.crypto.cryptoki, C:/Users/CasperNauwelaerts/.jdks/openjdk-18.0.2.1!/jdk.crypto.ec, C:/Users/CasperNauwelaerts/.jdks/openjdk-18.0.2.1!/jdk.crypto.mscapi, C:/Users/CasperNauwelaerts/.jdks/openjdk-18.0.2.1!/jdk.dynalink, C:/Users/CasperNauwelaerts/.jdks/openjdk-18.0.2.1!/jdk.editpad, C:/Users/CasperNauwelaerts/.jdks/openjdk-18.0.2.1!/jdk.hotspot.agent, C:/Users/CasperNauwelaerts/.jdks/openjdk-18.0.2.1!/jdk.httpserver, C:/Users/CasperNauwelaerts/.jdks/openjdk-18.0.2.1!/jdk.incubator.foreign, C:/Users/CasperNauwelaerts/.jdks/openjdk-18.0.2.1!/jdk.incubator.vector, C:/Users/CasperNauwelaerts/.jdks/openjdk-18.0.2.1!/jdk.internal.ed, C:/Users/CasperNauwelaerts/.jdks/openjdk-18.0.2.1!/jdk.internal.jvmstat, C:/Users/CasperNauwelaerts/.jdks/openjdk-18.0.2.1!/jdk.internal.le, C:/Users/CasperNauwelaerts/.jdks/openjdk-18.0.2.1!/jdk.internal.opt, C:/Users/CasperNauwelaerts/.jdks/openjdk-18.0.2.1!/jdk.internal.vm.ci, C:/Users/CasperNauwelaerts/.jdks/openjdk-18.0.2.1!/jdk.internal.vm.compiler, C:/Users/CasperNauwelaerts/.jdks/openjdk-18.0.2.1!/jdk.internal.vm.compiler.management, C:/Users/CasperNauwelaerts/.jdks/openjdk-18.0.2.1!/jdk.jartool, C:/Users/CasperNauwelaerts/.jdks/openjdk-18.0.2.1!/jdk.javadoc, C:/Users/CasperNauwelaerts/.jdks/openjdk-18.0.2.1!/jdk.jcmd, C:/Users/CasperNauwelaerts/.jdks/openjdk-18.0.2.1!/jdk.jconsole, C:/Users/CasperNauwelaerts/.jdks/openjdk-18.0.2.1!/jdk.jdeps, C:/Users/CasperNauwelaerts/.jdks/openjdk-18.0.2.1!/jdk.jdi, C:/Users/CasperNauwelaerts/.jdks/openjdk-18.0.2.1!/jdk.jdwp.agent, C:/Users/CasperNauwelaerts/.jdks/openjdk-18.0.2.1!/jdk.jfr, C:/Users/CasperNauwelaerts/.jdks/openjdk-18.0.2.1!/jdk.jlink, C:/Users/CasperNauwelaerts/.jdks/openjdk-18.0.2.1!/jdk.jpackage, C:/Users/CasperNauwelaerts/.jdks/openjdk-18.0.2.1!/jdk.jshell, C:/Users/CasperNauwelaerts/.jdks/openjdk-18.0.2.1!/jdk.jsobject, C:/Users/CasperNauwelaerts/.jdks/openjdk-18.0.2.1!/jdk.jstatd, C:/Users/CasperNauwelaerts/.jdks/openjdk-18.0.2.1!/jdk.localedata, C:/Users/CasperNauwelaerts/.jdks/openjdk-18.0.2.1!/jdk.management, C:/Users/CasperNauwelaerts/.jdks/openjdk-18.0.2.1!/jdk.management.agent, C:/Users/CasperNauwelaerts/.jdks/openjdk-18.0.2.1!/jdk.management.jfr, C:/Users/CasperNauwelaerts/.jdks/openjdk-18.0.2.1!/jdk.naming.dns, C:/Users/CasperNauwelaerts/.jdks/openjdk-18.0.2.1!/jdk.naming.rmi, C:/Users/CasperNauwelaerts/.jdks/openjdk-18.0.2.1!/jdk.net, C:/Users/CasperNauwelaerts/.jdks/openjdk-18.0.2.1!/jdk.nio.mapmode, C:/Users/CasperNauwelaerts/.jdks/openjdk-18.0.2.1!/jdk.random, C:/Users/CasperNauwelaerts/.jdks/openjdk-18.0.2.1!/jdk.sctp, C:/Users/CasperNauwelaerts/.jdks/openjdk-18.0.2.1!/jdk.security.auth, C:/Users/CasperNauwelaerts/.jdks/openjdk-18.0.2.1!/jdk.security.jgss, C:/Users/CasperNauwelaerts/.jdks/openjdk-18.0.2.1!/jdk.unsupported, C:/Users/CasperNauwelaerts/.jdks/openjdk-18.0.2.1!/jdk.unsupported.desktop, C:/Users/CasperNauwelaerts/.jdks/openjdk-18.0.2.1!/jdk.xml.dom, C:/Users/CasperNauwelaerts/.jdks/openjdk-18.0.2.1!/jdk.zipfs",
      "numberOfScannedFiles" : 41691,
      "numberOfSkippedFiles" : 0,
      "numberOfFilesForIndexing" : 0,
      "numberOfFilesFullyIndexedByInfrastructureExtensions" : 0,
      "filesFullyIndexedByInfrastructureExtensions" : [ ],
      "statusTime" : 2283785400,
      "scanningTime" : 2320765100,
      "timeProcessingUpToDateFiles" : 0,
      "timeUpdatingContentLessIndexes" : 57322900,
      "timeIndexingWithoutContent" : 0,
      "roots" : [ ]
    }, {
      "providerName" : "Indexable set contributor 'com.intellij.javaee.ExternalResourcesRootsProvider@4daeb057' (non-project)",
      "numberOfScannedFiles" : 225,
      "numberOfSkippedFiles" : 4,
      "numberOfFilesForIndexing" : 0,
      "numberOfFilesFullyIndexedByInfrastructureExtensions" : 0,
      "filesFullyIndexedByInfrastructureExtensions" : [ ],
      "statusTime" : 243433500,
      "scanningTime" : 244276900,
      "timeProcessingUpToDateFiles" : 0,
      "timeUpdatingContentLessIndexes" : 569100,
      "timeIndexingWithoutContent" : 0,
      "roots" : [ ]
    }, {
      "providerName" : "Module 'toets 23.03.2023' (toets 23.03.2023)",
      "numberOfScannedFiles" : 1,
      "numberOfSkippedFiles" : 0,
      "numberOfFilesForIndexing" : 1,
      "numberOfFilesFullyIndexedByInfrastructureExtensions" : 0,
      "filesFullyIndexedByInfrastructureExtensions" : [ ],
      "statusTime" : 1062700,
      "scanningTime" : 3712600,
      "timeProcessingUpToDateFiles" : 0,
      "timeUpdatingContentLessIndexes" : 9800,
      "timeIndexingWithoutContent" : 803000,
      "roots" : [ ]
    }, {
      "providerName" : "Indexable set contributor 'Scratches & Consoles' (project)",
      "numberOfScannedFiles" : 0,
      "numberOfSkippedFiles" : 0,
      "numberOfFilesForIndexing" : 0,
      "numberOfFilesFullyIndexedByInfrastructureExtensions" : 0,
      "filesFullyIndexedByInfrastructureExtensions" : [ ],
      "statusTime" : 0,
      "scanningTime" : 0,
      "timeProcessingUpToDateFiles" : 0,
      "timeUpdatingContentLessIndexes" : 0,
      "timeIndexingWithoutContent" : 0,
      "roots" : [ ]
    }, {
      "providerName" : "Indexable set contributor 'Scratches & Consoles' (non-project)",
      "numberOfScannedFiles" : 0,
      "numberOfSkippedFiles" : 0,
      "numberOfFilesForIndexing" : 0,
      "numberOfFilesFullyIndexedByInfrastructureExtensions" : 0,
      "filesFullyIndexedByInfrastructureExtensions" : [ ],
      "statusTime" : 0,
      "scanningTime" : 0,
      "timeProcessingUpToDateFiles" : 0,
      "timeUpdatingContentLessIndexes" : 0,
      "timeIndexingWithoutContent" : 0,
      "roots" : [ ]
    }, {
      "providerName" : "Indexable set contributor 'com.intellij.javaee.ExternalResourcesRootsProvider@4daeb057' (project)",
      "numberOfScannedFiles" : 0,
      "numberOfSkippedFiles" : 0,
      "numberOfFilesForIndexing" : 0,
      "numberOfFilesFullyIndexedByInfrastructureExtensions" : 0,
      "filesFullyIndexedByInfrastructureExtensions" : [ ],
      "statusTime" : 0,
      "scanningTime" : 0,
      "timeProcessingUpToDateFiles" : 0,
      "timeUpdatingContentLessIndexes" : 0,
      "timeIndexingWithoutContent" : 0,
      "roots" : [ ]
    } ],
    "fileProviderStatistics" : [ {
      "providerName" : "Module 'toets 23.03.2023' (toets 23.03.2023)",
      "totalNumberOfIndexedFiles" : 1,
      "totalNumberOfFilesFullyIndexedByExtensions" : 0,
      "totalIndexingVisibleTime" : 192378800,
      "contentLoadingVisibleTime" : 1423345,
      "numberOfTooLargeForIndexingFiles" : 0,
      "slowIndexedFiles" : [ ],
      "filesFullyIndexedByExtensions" : [ ],
      "isAppliedAllValuesSeparately" : true,
      "separateApplyingIndexesVisibleTime" : 19233770
    } ],
    "visibleTimeToAllThreadTimeRatio" : 1.2122862747643375
  }
}