<project version="4">
  <component name="JsBuildToolGruntFileManager" detection-done="true" sorting="DEFINITION_ORDER" />
  <component name="JsBuildToolPackageJson" detection-done="true" sorting="DEFINITION_ORDER" />
  <component name="JsGulpfileManager">
    <detection-done>true</detection-done>
    <sorting>DEFINITION_ORDER</sorting>
  </component>
  <component name="PermissionStore">
    <excludedFiles>
      <Path>$PROJECT_DIR$/.idea</Path>
    </excludedFiles>
    <fileAccess>Readonly</fileAccess>
    <terminalAccess>Readonly</terminalAccess>
    <runAccess>Readonly</runAccess>
    <toolWindowAccess>Disabled</toolWindowAccess>
  </component>
</project>